id,minute,result,X,Y,xG,player,h_a,player_id,situation,season,shotType,match_id,h_team,a_team,h_goals,a_goals,date,player_assisted,lastAction
585955,27,BlockedShot,87.5,62.0,0.0757430046796798,Vincenzo Grifo,h,5266,OpenPlay,2024,RightFoot,27745,Freiburg,VfB Stuttgart,3,1,2024-08-24 13:30:00,Junior Adamu,BallTouch
585956,29,BlockedShot,87.80000305175781,64.5,0.1065173223614692,Vincenzo Grifo,h,5266,OpenPlay,2024,RightFoot,27745,Freiburg,VfB Stuttgart,3,1,2024-08-24 13:30:00,Patrick Osterhage,TakeOn
585957,31,MissedShots,84.5,82.4000015258789,0.0502931252121925,Vincenzo Grifo,h,5266,DirectFreekick,2024,RightFoot,27745,Freiburg,VfB Stuttgart,3,1,2024-08-24 13:30:00,,Standard
590034,39,SavedShot,91.80000305175781,69.9000015258789,0.0518058016896247,Vincenzo Grifo,a,5266,OpenPlay,2024,LeftFoot,27759,Bayern Munich,Freiburg,2,0,2024-09-01 15:30:00,Ritsu Doan,Pass
590669,11,BlockedShot,90.4000015258789,27.29999923706054,0.0730017200112342,Vincenzo Grifo,h,5266,OpenPlay,2024,RightFoot,27762,Freiburg,Bochum,2,1,2024-09-14 13:30:00,,None
590678,36,BlockedShot,86.80000305175781,63.79999923706055,0.0571105517446994,Vincenzo Grifo,h,5266,OpenPlay,2024,LeftFoot,27762,Freiburg,Bochum,2,1,2024-09-14 13:30:00,,Rebound
590677,36,BlockedShot,81.5999984741211,55.00000000000001,0.0597748160362243,Vincenzo Grifo,h,5266,OpenPlay,2024,RightFoot,27762,Freiburg,Bochum,2,1,2024-09-14 13:30:00,Lukas Kübler,Pass
590692,62,MissedShots,90.80000305175781,59.0,0.108577124774456,Vincenzo Grifo,h,5266,OpenPlay,2024,RightFoot,27762,Freiburg,Bochum,2,1,2024-09-14 13:30:00,,None
590695,66,BlockedShot,85.0,54.79999923706055,0.1056290194392204,Vincenzo Grifo,h,5266,OpenPlay,2024,RightFoot,27762,Freiburg,Bochum,2,1,2024-09-14 13:30:00,Eren Sami Dinkci,Pass
592323,7,SavedShot,82.0999984741211,68.5,0.0315390601754188,Vincenzo Grifo,a,5266,OpenPlay,2024,RightFoot,27772,FC Heidenheim,Freiburg,0,3,2024-09-21 13:30:00,Junior Adamu,Pass
592324,13,BlockedShot,81.9000015258789,64.5999984741211,0.0386134497821331,Vincenzo Grifo,a,5266,OpenPlay,2024,RightFoot,27772,FC Heidenheim,Freiburg,0,3,2024-09-21 13:30:00,Eren Sami Dinkci,Pass
592336,58,Goal,86.30000305175781,46.79999923706054,0.3464329838752746,Vincenzo Grifo,a,5266,OpenPlay,2024,RightFoot,27772,FC Heidenheim,Freiburg,0,3,2024-09-21 13:30:00,,Rebound
592338,64,Goal,92.0,57.29999923706055,0.1212837919592857,Vincenzo Grifo,a,5266,OpenPlay,2024,RightFoot,27772,FC Heidenheim,Freiburg,0,3,2024-09-21 13:30:00,Lucas Höler,BallTouch
594008,15,SavedShot,76.19999694824219,65.69999694824219,0.0598375834524631,Vincenzo Grifo,h,5266,DirectFreekick,2024,RightFoot,27779,Freiburg,St. Pauli,0,3,2024-09-28 13:30:00,,Standard
594011,27,MissedShots,87.5999984741211,57.900001525878906,0.0350584648549556,Vincenzo Grifo,h,5266,OpenPlay,2024,Head,27779,Freiburg,St. Pauli,0,3,2024-09-28 13:30:00,Christian Günter,Chipped
594013,35,BlockedShot,79.5,72.9000015258789,0.021374836564064,Vincenzo Grifo,h,5266,OpenPlay,2024,RightFoot,27779,Freiburg,St. Pauli,0,3,2024-09-28 13:30:00,Patrick Osterhage,Pass
594014,40,SavedShot,88.5,50.0,0.75777667760849,Vincenzo Grifo,h,5266,Penalty,2024,RightFoot,27779,Freiburg,St. Pauli,0,3,2024-09-28 13:30:00,,Standard
595404,11,MissedShots,72.19999694824219,49.0,0.01843873411417,Vincenzo Grifo,a,5266,OpenPlay,2024,RightFoot,27789,Werder Bremen,Freiburg,0,1,2024-10-05 13:30:00,Junior Adamu,Pass
595405,15,BlockedShot,76.0,69.0999984741211,0.0163687244057655,Vincenzo Grifo,a,5266,OpenPlay,2024,RightFoot,27789,Werder Bremen,Freiburg,0,1,2024-10-05 13:30:00,Christian Günter,Pass
595414,45,ShotOnPost,87.19999694824219,62.0,0.3142842352390289,Vincenzo Grifo,a,5266,OpenPlay,2024,RightFoot,27789,Werder Bremen,Freiburg,0,1,2024-10-05 13:30:00,Patrick Osterhage,Pass
595415,52,SavedShot,80.19999694824219,63.59999847412109,0.057578258216381,Vincenzo Grifo,a,5266,OpenPlay,2024,RightFoot,27789,Werder Bremen,Freiburg,0,1,2024-10-05 13:30:00,Junior Adamu,Pass
596939,33,Goal,79.0999984741211,46.400001525878906,0.0482964143157005,Vincenzo Grifo,h,5266,OpenPlay,2024,RightFoot,27800,Freiburg,Augsburg,3,1,2024-10-19 13:30:00,Eren Sami Dinkci,TakeOn
598361,50,SavedShot,75.30000305175781,70.30000305175781,0.0195424519479274,Vincenzo Grifo,a,5266,OpenPlay,2024,RightFoot,27806,RasenBallsport Leipzig,Freiburg,3,1,2024-10-26 13:30:00,Christian Günter,Pass
598362,51,MissedShots,76.4000015258789,52.5,0.0815645456314086,Vincenzo Grifo,a,5266,DirectFreekick,2024,RightFoot,27806,RasenBallsport Leipzig,Freiburg,3,1,2024-10-26 13:30:00,,Standard
600590,25,SavedShot,70.9000015258789,46.79999923706054,0.0162434820085763,Vincenzo Grifo,h,5266,OpenPlay,2024,RightFoot,27819,Freiburg,Mainz 05,0,0,2024-11-03 14:30:00,Ritsu Doan,Pass
600600,62,BlockedShot,93.0,74.5999984741211,0.041552610695362,Vincenzo Grifo,h,5266,FromCorner,2024,RightFoot,27819,Freiburg,Mainz 05,0,0,2024-11-03 14:30:00,Christian Günter,Pass
600599,62,BlockedShot,86.69999694824219,72.4000015258789,0.0598545782268047,Vincenzo Grifo,h,5266,OpenPlay,2024,RightFoot,27819,Freiburg,Mainz 05,0,0,2024-11-03 14:30:00,Junior Adamu,Pass
601150,9,BlockedShot,83.19999694824219,47.9000015258789,0.0779110789299011,Vincenzo Grifo,a,5266,OpenPlay,2024,RightFoot,27829,Union Berlin,Freiburg,0,0,2024-11-08 19:30:00,Eren Sami Dinkci,Pass
601154,21,SavedShot,88.5,50.0,0.75777667760849,Vincenzo Grifo,a,5266,Penalty,2024,RightFoot,27829,Union Berlin,Freiburg,0,0,2024-11-08 19:30:00,,Standard
601157,29,BlockedShot,77.5999984741211,67.30000305175781,0.022717585787177,Vincenzo Grifo,a,5266,OpenPlay,2024,RightFoot,27829,Union Berlin,Freiburg,0,0,2024-11-08 19:30:00,Junior Adamu,Pass
602746,23,SavedShot,86.19999694824219,59.79999923706054,0.273970752954483,Vincenzo Grifo,a,5266,OpenPlay,2024,RightFoot,27835,Borussia Dortmund,Freiburg,4,0,2024-11-23 14:30:00,Ritsu Doan,Pass
602751,41,MissedShots,75.0,58.400001525878906,0.0156473964452743,Vincenzo Grifo,a,5266,OpenPlay,2024,RightFoot,27835,Borussia Dortmund,Freiburg,4,0,2024-11-23 14:30:00,Lucas Höler,HeadPass
604216,51,BlockedShot,79.19999694824219,64.80000305175781,0.0429407656192779,Vincenzo Grifo,h,5266,OpenPlay,2024,RightFoot,27845,Freiburg,Borussia M.Gladbach,3,1,2024-11-30 14:30:00,Lucas Höler,Pass
606550,76,BlockedShot,84.4000015258789,61.70000076293945,0.0870198681950569,Vincenzo Grifo,a,5266,OpenPlay,2024,RightFoot,27852,Hoffenheim,Freiburg,1,1,2024-12-08 16:30:00,Maximilian Eggestein,TakeOn
606552,83,BlockedShot,90.09999847412108,32.29999923706054,0.0598593354225158,Vincenzo Grifo,a,5266,OpenPlay,2024,RightFoot,27852,Hoffenheim,Freiburg,1,1,2024-12-08 16:30:00,Maximilian Eggestein,Pass
606805,45,MissedShots,75.9000015258789,36.0,0.0271663162857294,Vincenzo Grifo,h,5266,OpenPlay,2024,RightFoot,27862,Freiburg,Wolfsburg,3,2,2024-12-13 19:30:00,Maximilian Eggestein,Pass
606804,45,SavedShot,79.30000305175781,43.59999847412109,0.05287816375494,Vincenzo Grifo,h,5266,OpenPlay,2024,RightFoot,27862,Freiburg,Wolfsburg,3,2,2024-12-13 19:30:00,Lucas Höler,Pass
606810,51,MissedShots,88.80000305175781,63.4000015258789,0.10431519895792,Vincenzo Grifo,h,5266,OpenPlay,2024,RightFoot,27862,Freiburg,Wolfsburg,3,2,2024-12-13 19:30:00,Lucas Höler,Pass
608485,17,BlockedShot,74.0999984741211,39.70000076293945,0.0178171396255493,Vincenzo Grifo,a,5266,OpenPlay,2024,RightFoot,27868,Bayer Leverkusen,Freiburg,5,1,2024-12-21 17:30:00,Lucas Höler,Pass
608495,54,Goal,85.4000015258789,60.29999923706054,0.0784595906734466,Vincenzo Grifo,a,5266,OpenPlay,2024,RightFoot,27868,Bayer Leverkusen,Freiburg,5,1,2024-12-21 17:30:00,Michael Gregoritsch,Pass
608500,72,ShotOnPost,84.5,64.80000305175781,0.0539717525243759,Vincenzo Grifo,a,5266,OpenPlay,2024,RightFoot,27868,Bayer Leverkusen,Freiburg,5,1,2024-12-21 17:30:00,Maximilian Eggestein,Pass
610671,73,Goal,90.4000015258789,57.49999999999999,0.1129171326756477,Vincenzo Grifo,h,5266,OpenPlay,2024,RightFoot,27881,Freiburg,Holstein Kiel,3,2,2025-01-11 14:30:00,,None
611444,62,SavedShot,70.9000015258789,61.70000076293945,0.0145908650010824,Vincenzo Grifo,a,5266,OpenPlay,2024,RightFoot,27889,Eintracht Frankfurt,Freiburg,4,1,2025-01-14 19:30:00,Eren Sami Dinkci,Pass
613251,86,BlockedShot,79.4000015258789,65.19999694824219,0.0265910681337118,Vincenzo Grifo,h,5266,OpenPlay,2024,RightFoot,27912,Freiburg,Bayern Munich,1,2,2025-01-25 14:30:00,Michael Gregoritsch,HeadPass
614731,12,SavedShot,74.5999984741211,54.79999923706055,0.0645504221320152,Vincenzo Grifo,a,5266,DirectFreekick,2024,RightFoot,27914,Bochum,Freiburg,0,1,2025-02-01 14:30:00,,Standard
616063,29,Goal,95.69999694824219,54.29999923706055,0.5256137847900391,Vincenzo Grifo,h,5266,OpenPlay,2024,Head,27926,Freiburg,FC Heidenheim,1,0,2025-02-08 14:30:00,Ritsu Doan,Chipped
616066,49,SavedShot,95.0,68.5,0.2753315567970276,Vincenzo Grifo,h,5266,OpenPlay,2024,LeftFoot,27926,Freiburg,FC Heidenheim,1,0,2025-02-08 14:30:00,Eren Sami Dinkci,Pass
616072,69,BlockedShot,74.30000305175781,60.70000076293945,0.0182031746953725,Vincenzo Grifo,h,5266,OpenPlay,2024,RightFoot,27926,Freiburg,FC Heidenheim,1,0,2025-02-08 14:30:00,,Rebound
617050,42,MissedShots,79.80000305175781,60.40000152587891,0.1062652543187141,Vincenzo Grifo,a,5266,DirectFreekick,2024,RightFoot,27939,St. Pauli,Freiburg,0,1,2025-02-15 14:30:00,,Standard
617051,45,SavedShot,88.5,50.0,0.75777667760849,Vincenzo Grifo,a,5266,Penalty,2024,RightFoot,27939,St. Pauli,Freiburg,0,1,2025-02-15 14:30:00,,Standard
617053,56,SavedShot,74.9000015258789,65.4000015258789,0.0532294400036335,Vincenzo Grifo,a,5266,DirectFreekick,2024,RightFoot,27939,St. Pauli,Freiburg,0,1,2025-02-15 14:30:00,,Standard
618107,32,Goal,77.19999694824219,30.600000381469727,0.0574639625847339,Vincenzo Grifo,h,5266,DirectFreekick,2024,RightFoot,27944,Freiburg,Werder Bremen,5,0,2025-02-21 19:30:00,,Standard
618112,56,Goal,92.90000152587892,53.400001525878906,0.4617688357830047,Vincenzo Grifo,h,5266,OpenPlay,2024,RightFoot,27944,Freiburg,Werder Bremen,5,0,2025-02-21 19:30:00,Lucas Höler,Cross
621520,86,MissedShots,76.30000305175781,52.79999923706055,0.0220247711986303,Vincenzo Grifo,h,5266,OpenPlay,2024,RightFoot,27963,Freiburg,RasenBallsport Leipzig,0,0,2025-03-08 17:30:00,,Rebound
622527,43,SavedShot,80.0,59.599998474121094,0.1119970753788948,Vincenzo Grifo,a,5266,DirectFreekick,2024,RightFoot,27972,Mainz 05,Freiburg,2,2,2025-03-15 14:30:00,,Standard
622540,67,SavedShot,76.19999694824219,38.5,0.0228114407509565,Vincenzo Grifo,a,5266,OpenPlay,2024,RightFoot,27972,Mainz 05,Freiburg,2,2,2025-03-15 14:30:00,Maximilian Eggestein,Pass
624638,24,SavedShot,76.9000015258789,26.700000762939453,0.0479234792292118,Vincenzo Grifo,h,5266,DirectFreekick,2024,RightFoot,27982,Freiburg,Union Berlin,1,2,2025-03-30 14:30:00,,Standard
624646,59,SavedShot,90.0,44.70000076293945,0.3383197784423828,Vincenzo Grifo,h,5266,OpenPlay,2024,RightFoot,27982,Freiburg,Union Berlin,1,2,2025-03-30 14:30:00,Eren Sami Dinkci,BallTouch
625603,7,BlockedShot,91.0,42.200000762939446,0.1259185075759887,Vincenzo Grifo,h,5266,OpenPlay,2024,RightFoot,27988,Freiburg,Borussia Dortmund,1,4,2025-04-05 13:30:00,Patrick Osterhage,Pass
625607,25,MissedShots,91.1999969482422,45.400001525878906,0.138017475605011,Vincenzo Grifo,h,5266,OpenPlay,2024,RightFoot,27988,Freiburg,Borussia Dortmund,1,4,2025-04-05 13:30:00,Maximilian Eggestein,Pass
585963,53,Goal,98.6999969482422,46.599998474121094,0.9226828217506408,Ritsu Doan,h,8791,OpenPlay,2024,LeftFoot,27745,Freiburg,VfB Stuttgart,3,1,2024-08-24 13:30:00,,None
585962,53,SavedShot,98.0,45.900001525878906,0.6066659688949585,Ritsu Doan,h,8791,OpenPlay,2024,LeftFoot,27745,Freiburg,VfB Stuttgart,3,1,2024-08-24 13:30:00,,CornerAwarded
585961,53,BlockedShot,95.5,45.5,0.1253238767385482,Ritsu Doan,h,8791,OpenPlay,2024,RightFoot,27745,Freiburg,VfB Stuttgart,3,1,2024-08-24 13:30:00,Christian Günter,Cross
590035,44,SavedShot,60.29999923706054,24.60000038146972,0.0080154063180089,Ritsu Doan,a,8791,OpenPlay,2024,LeftFoot,27759,Bayern Munich,Freiburg,2,0,2024-09-01 15:30:00,,Dispossessed
590036,56,MissedShots,74.80000305175781,37.29999923706055,0.0121048595756292,Ritsu Doan,a,8791,SetPiece,2024,LeftFoot,27759,Bayern Munich,Freiburg,2,0,2024-09-01 15:30:00,,None
590045,94,BlockedShot,91.1999969482422,62.5999984741211,0.0436718240380287,Ritsu Doan,a,8791,FromCorner,2024,LeftFoot,27759,Bayern Munich,Freiburg,2,0,2024-09-01 15:30:00,Roland Sallai,Cross
590670,12,MissedShots,89.80000305175781,47.4000015258789,0.2544117867946625,Ritsu Doan,h,8791,FromCorner,2024,Head,27762,Freiburg,Bochum,2,1,2024-09-14 13:30:00,Vincenzo Grifo,Cross
590675,22,SavedShot,95.5,46.400001525878906,0.6253047585487366,Ritsu Doan,h,8791,OpenPlay,2024,LeftFoot,27762,Freiburg,Bochum,2,1,2024-09-14 13:30:00,Junior Adamu,Pass
590674,22,SavedShot,86.9000015258789,46.599998474121094,0.0902690440416336,Ritsu Doan,h,8791,OpenPlay,2024,LeftFoot,27762,Freiburg,Bochum,2,1,2024-09-14 13:30:00,Junior Adamu,BallTouch
590681,41,SavedShot,85.5,29.70000076293945,0.033222246915102,Ritsu Doan,h,8791,OpenPlay,2024,LeftFoot,27762,Freiburg,Bochum,2,1,2024-09-14 13:30:00,Vincenzo Grifo,Pass
590687,46,MissedShots,74.0999984741211,47.79999923706055,0.0207602679729461,Ritsu Doan,h,8791,OpenPlay,2024,LeftFoot,27762,Freiburg,Bochum,2,1,2024-09-14 13:30:00,Eren Sami Dinkci,Pass
590689,60,BlockedShot,92.30000305175781,56.70000076293945,0.096326857805252,Ritsu Doan,h,8791,OpenPlay,2024,LeftFoot,27762,Freiburg,Bochum,2,1,2024-09-14 13:30:00,,None
590698,74,MissedShots,82.69999694824219,54.200000762939446,0.0800501704216003,Ritsu Doan,h,8791,OpenPlay,2024,LeftFoot,27762,Freiburg,Bochum,2,1,2024-09-14 13:30:00,Eren Sami Dinkci,BallTouch
592334,53,Goal,82.5,31.399999618530273,0.0329399295151233,Ritsu Doan,a,8791,OpenPlay,2024,LeftFoot,27772,FC Heidenheim,Freiburg,0,3,2024-09-21 13:30:00,Eren Sami Dinkci,Pass
595403,2,BlockedShot,84.0999984741211,58.400001525878906,0.1038343012332916,Ritsu Doan,a,8791,OpenPlay,2024,LeftFoot,27789,Werder Bremen,Freiburg,0,1,2024-10-05 13:30:00,Matthias Ginter,TakeOn
595411,32,BlockedShot,87.0,53.900001525878906,0.1012883111834526,Ritsu Doan,a,8791,OpenPlay,2024,LeftFoot,27789,Werder Bremen,Freiburg,0,1,2024-10-05 13:30:00,Junior Adamu,Pass
595421,74,Goal,85.0,40.29999923706054,0.0740702450275421,Ritsu Doan,a,8791,OpenPlay,2024,LeftFoot,27789,Werder Bremen,Freiburg,0,1,2024-10-05 13:30:00,Vincenzo Grifo,Pass
596932,22,MissedShots,85.69999694824219,49.29999923706055,0.013086462393403,Ritsu Doan,h,8791,OpenPlay,2024,Head,27800,Freiburg,Augsburg,3,1,2024-10-19 13:30:00,Christian Günter,Aerial
598353,14,Goal,97.3000030517578,44.70000076293945,0.5187332034111023,Ritsu Doan,a,8791,OpenPlay,2024,Head,27806,RasenBallsport Leipzig,Freiburg,3,1,2024-10-26 13:30:00,Vincenzo Grifo,Chipped
598364,56,MissedShots,89.69999694824219,49.59999847412109,0.0962128415703773,Ritsu Doan,a,8791,OpenPlay,2024,Head,27806,RasenBallsport Leipzig,Freiburg,3,1,2024-10-26 13:30:00,Christian Günter,Cross
600594,44,BlockedShot,79.30000305175781,32.400001525878906,0.0264127366244792,Ritsu Doan,h,8791,OpenPlay,2024,LeftFoot,27819,Freiburg,Mainz 05,0,0,2024-11-03 14:30:00,Maximilian Eggestein,Pass
604213,48,Goal,89.5,65.0,0.0784711241722107,Ritsu Doan,h,8791,OpenPlay,2024,LeftFoot,27845,Freiburg,Borussia M.Gladbach,3,1,2024-11-30 14:30:00,Lucas Höler,Rebound
606543,50,SavedShot,86.69999694824219,33.29999923706054,0.0513109192252159,Ritsu Doan,a,8791,OpenPlay,2024,LeftFoot,27852,Hoffenheim,Freiburg,1,1,2024-12-08 16:30:00,,None
606551,81,MissedShots,91.0,44.29999923706054,0.0484048277139663,Ritsu Doan,a,8791,OpenPlay,2024,Head,27852,Hoffenheim,Freiburg,1,1,2024-12-08 16:30:00,,Aerial
606793,15,BlockedShot,80.5999984741211,52.900001525878906,0.0186230149120092,Ritsu Doan,h,8791,OpenPlay,2024,LeftFoot,27862,Freiburg,Wolfsburg,3,2,2024-12-13 19:30:00,,Aerial
606794,16,SavedShot,84.9000015258789,49.9000015258789,0.1050335839390754,Ritsu Doan,h,8791,OpenPlay,2024,RightFoot,27862,Freiburg,Wolfsburg,3,2,2024-12-13 19:30:00,Michael Gregoritsch,LayOff
606806,45,SavedShot,86.69999694824219,35.200000762939446,0.0715583339333534,Ritsu Doan,h,8791,OpenPlay,2024,RightFoot,27862,Freiburg,Wolfsburg,3,2,2024-12-13 19:30:00,,None
608484,15,MissedShots,75.9000015258789,44.20000076293945,0.025356026366353,Ritsu Doan,a,8791,OpenPlay,2024,LeftFoot,27868,Bayer Leverkusen,Freiburg,5,1,2024-12-21 17:30:00,Patrick Osterhage,Pass
611428,11,BlockedShot,77.0999984741211,60.29999923706054,0.0255767256021499,Ritsu Doan,a,8791,OpenPlay,2024,LeftFoot,27889,Eintracht Frankfurt,Freiburg,4,1,2025-01-14 19:30:00,Eren Sami Dinkci,Pass
611433,36,Goal,92.1999969482422,45.900001525878906,0.4023362696170807,Ritsu Doan,a,8791,OpenPlay,2024,LeftFoot,27889,Eintracht Frankfurt,Freiburg,4,1,2025-01-14 19:30:00,Merlin Röhl,Cross
612218,40,BlockedShot,88.0999984741211,38.0,0.053182516247034,Ritsu Doan,a,8791,OpenPlay,2024,LeftFoot,27896,VfB Stuttgart,Freiburg,4,0,2025-01-18 14:30:00,Patrick Osterhage,HeadPass
612226,65,BlockedShot,79.69999694824219,36.200000762939446,0.0328370407223701,Ritsu Doan,a,8791,OpenPlay,2024,LeftFoot,27896,VfB Stuttgart,Freiburg,4,0,2025-01-18 14:30:00,Lukas Kübler,Pass
614750,59,BlockedShot,83.5,42.599998474121094,0.0470800064504146,Ritsu Doan,a,8791,FromCorner,2024,LeftFoot,27914,Bochum,Freiburg,0,1,2025-02-01 14:30:00,,None
616071,69,ShotOnPost,88.5,49.9000015258789,0.0963590368628501,Ritsu Doan,h,8791,OpenPlay,2024,LeftFoot,27926,Freiburg,FC Heidenheim,1,0,2025-02-08 14:30:00,Merlin Röhl,Cross
617048,12,SavedShot,88.0999984741211,39.29999923706054,0.3140533864498138,Ritsu Doan,a,8791,OpenPlay,2024,LeftFoot,27939,St. Pauli,Freiburg,0,1,2025-02-15 14:30:00,Matthias Ginter,Throughball
618105,21,MissedShots,89.19999694824219,53.599998474121094,0.0868971273303031,Ritsu Doan,h,8791,OpenPlay,2024,Head,27944,Freiburg,Werder Bremen,5,0,2025-02-21 19:30:00,Merlin Röhl,Cross
618116,74,BlockedShot,85.0999984741211,34.9000015258789,0.0696890726685524,Ritsu Doan,h,8791,OpenPlay,2024,LeftFoot,27944,Freiburg,Werder Bremen,5,0,2025-02-21 19:30:00,Matthias Ginter,TakeOn
618117,75,Goal,81.69999694824219,44.09999847412109,0.0834435299038887,Ritsu Doan,h,8791,OpenPlay,2024,LeftFoot,27944,Freiburg,Werder Bremen,5,0,2025-02-21 19:30:00,Eren Sami Dinkci,Pass
618121,91,Goal,91.30000305175781,51.59999847412109,0.5129947662353516,Ritsu Doan,h,8791,OpenPlay,2024,RightFoot,27944,Freiburg,Werder Bremen,5,0,2025-02-21 19:30:00,Jan-Niklas Beste,Pass
620630,63,BlockedShot,81.0999984741211,49.70000076293945,0.0463673323392868,Ritsu Doan,a,8791,FromCorner,2024,LeftFoot,27954,Augsburg,Freiburg,0,0,2025-03-02 16:30:00,Christian Günter,Pass
620635,75,SavedShot,78.19999694824219,31.29999923706055,0.0230534840375185,Ritsu Doan,a,8791,OpenPlay,2024,LeftFoot,27954,Augsburg,Freiburg,0,0,2025-03-02 16:30:00,Merlin Röhl,Pass
621501,22,BlockedShot,72.69999694824219,43.9000015258789,0.0516390576958656,Ritsu Doan,h,8791,DirectFreekick,2024,LeftFoot,27963,Freiburg,RasenBallsport Leipzig,0,0,2025-03-08 17:30:00,,Standard
621518,80,MissedShots,85.0,59.099998474121094,0.0817186534404754,Ritsu Doan,h,8791,OpenPlay,2024,LeftFoot,27963,Freiburg,RasenBallsport Leipzig,0,0,2025-03-08 17:30:00,Christian Günter,Pass
622516,3,BlockedShot,82.5999984741211,50.29999923706055,0.0664703026413917,Ritsu Doan,a,8791,OpenPlay,2024,LeftFoot,27972,Mainz 05,Freiburg,2,2,2025-03-15 14:30:00,,BallTouch
622519,13,MissedShots,92.5,30.79999923706055,0.0844381898641586,Ritsu Doan,a,8791,OpenPlay,2024,LeftFoot,27972,Mainz 05,Freiburg,2,2,2025-03-15 14:30:00,,TakeOn
622520,21,BlockedShot,89.5,46.09999847412109,0.0930964052677154,Ritsu Doan,a,8791,OpenPlay,2024,LeftFoot,27972,Mainz 05,Freiburg,2,2,2025-03-15 14:30:00,,None
622539,65,MissedShots,93.09999847412108,35.599998474121094,0.0653934851288795,Ritsu Doan,a,8791,OpenPlay,2024,LeftFoot,27972,Mainz 05,Freiburg,2,2,2025-03-15 14:30:00,Matthias Ginter,TakeOn
625614,45,BlockedShot,92.1999969482422,49.29999923706055,0.4733492434024811,Ritsu Doan,h,8791,OpenPlay,2024,LeftFoot,27988,Freiburg,Borussia Dortmund,1,4,2025-04-05 13:30:00,Lucas Höler,HeadPass
625617,48,BlockedShot,78.69999694824219,29.89999961853027,0.0208116769790649,Ritsu Doan,h,8791,OpenPlay,2024,LeftFoot,27988,Freiburg,Borussia Dortmund,1,4,2025-04-05 13:30:00,Lukas Kübler,Pass
625621,56,BlockedShot,77.0999984741211,34.9000015258789,0.021493412554264,Ritsu Doan,h,8791,OpenPlay,2024,LeftFoot,27988,Freiburg,Borussia Dortmund,1,4,2025-04-05 13:30:00,Patrick Osterhage,LayOff
625625,72,BlockedShot,86.5,45.20000076293945,0.0554714798927307,Ritsu Doan,h,8791,OpenPlay,2024,LeftFoot,27988,Freiburg,Borussia Dortmund,1,4,2025-04-05 13:30:00,Maximilian Eggestein,Cross
625626,76,MissedShots,84.5,36.79999923706055,0.0427687615156173,Ritsu Doan,h,8791,OpenPlay,2024,LeftFoot,27988,Freiburg,Borussia Dortmund,1,4,2025-04-05 13:30:00,,None
627061,21,BlockedShot,77.80000305175781,43.20000076293945,0.0315802842378616,Ritsu Doan,a,8791,OpenPlay,2024,LeftFoot,28000,Borussia M.Gladbach,Freiburg,1,2,2025-04-12 13:30:00,Vincenzo Grifo,Pass
627066,43,MissedShots,85.4000015258789,49.0,0.083584614098072,Ritsu Doan,a,8791,OpenPlay,2024,LeftFoot,28000,Borussia M.Gladbach,Freiburg,1,2,2025-04-12 13:30:00,,Dispossessed
627072,57,BlockedShot,81.9000015258789,42.5,0.0349054485559463,Ritsu Doan,a,8791,FromCorner,2024,LeftFoot,28000,Borussia M.Gladbach,Freiburg,1,2,2025-04-12 13:30:00,,CornerAwarded
585954,25,Goal,74.4000015258789,44.5,0.0229392293840646,Lukas Kübler,h,5263,OpenPlay,2024,RightFoot,27745,Freiburg,VfB Stuttgart,3,1,2024-08-24 13:30:00,Junior Adamu,Pass
585966,60,Goal,91.6999969482422,48.200000762939446,0.3181985318660736,Lukas Kübler,h,5263,FromCorner,2024,Head,27745,Freiburg,VfB Stuttgart,3,1,2024-08-24 13:30:00,Vincenzo Grifo,Cross
590672,16,MissedShots,90.80000305175781,55.00000000000001,0.0233092736452817,Lukas Kübler,h,5263,FromCorner,2024,Head,27762,Freiburg,Bochum,2,1,2024-09-14 13:30:00,Vincenzo Grifo,Aerial
590690,60,BlockedShot,96.5,49.79999923706055,0.2385860979557037,Lukas Kübler,h,5263,OpenPlay,2024,Head,27762,Freiburg,Bochum,2,1,2024-09-14 13:30:00,,Rebound
592333,50,MissedShots,81.69999694824219,53.900001525878906,0.0608091354370117,Lukas Kübler,a,5263,OpenPlay,2024,LeftFoot,27772,FC Heidenheim,Freiburg,0,3,2024-09-21 13:30:00,Vincenzo Grifo,Pass
596949,89,BlockedShot,81.30000305175781,47.9000015258789,0.0778661891818046,Lukas Kübler,h,5263,OpenPlay,2024,RightFoot,27800,Freiburg,Augsburg,3,1,2024-10-19 13:30:00,Patrick Osterhage,Pass
596951,93,SavedShot,78.4000015258789,41.700000762939446,0.023267813026905,Lukas Kübler,h,5263,FromCorner,2024,RightFoot,27800,Freiburg,Augsburg,3,1,2024-10-19 13:30:00,,None
598354,20,SavedShot,88.5999984741211,46.09999847412109,0.1529652178287506,Lukas Kübler,a,5263,SetPiece,2024,Head,27806,RasenBallsport Leipzig,Freiburg,3,1,2024-10-26 13:30:00,Vincenzo Grifo,Cross
600589,18,MissedShots,89.0999984741211,39.0,0.0297501776367425,Lukas Kübler,h,5263,FromCorner,2024,Head,27819,Freiburg,Mainz 05,0,0,2024-11-03 14:30:00,Vincenzo Grifo,Cross
604217,51,SavedShot,68.4000015258789,40.9000015258789,0.0133563298732042,Lukas Kübler,h,5263,OpenPlay,2024,RightFoot,27845,Freiburg,Borussia M.Gladbach,3,1,2024-11-30 14:30:00,,Rebound
606801,41,Goal,93.90000152587892,56.00000000000001,0.4983653128147125,Lukas Kübler,h,5263,FromCorner,2024,LeftFoot,27862,Freiburg,Wolfsburg,3,2,2024-12-13 19:30:00,Lucas Höler,Pass
606809,50,Goal,95.8000030517578,50.5,0.5092512369155884,Lukas Kübler,h,5263,FromCorner,2024,Head,27862,Freiburg,Wolfsburg,3,2,2024-12-13 19:30:00,,Rebound
610669,67,SavedShot,77.69999694824219,28.29999923706054,0.0261994637548923,Lukas Kübler,h,5263,OpenPlay,2024,RightFoot,27881,Freiburg,Holstein Kiel,3,2,2025-01-11 14:30:00,Vincenzo Grifo,Pass
622546,78,Goal,96.90000152587892,47.4000015258789,0.7238625288009644,Lukas Kübler,a,5263,OpenPlay,2024,RightFoot,27972,Mainz 05,Freiburg,2,2,2025-03-15 14:30:00,Ritsu Doan,Pass
624650,86,BlockedShot,70.69999694824219,33.900001525878906,0.0103329569101333,Lukas Kübler,h,5263,OpenPlay,2024,LeftFoot,27982,Freiburg,Union Berlin,1,2,2025-03-30 14:30:00,,None
627064,31,MissedShots,92.0,25.20000076293945,0.0341514311730861,Lukas Kübler,a,5263,OpenPlay,2024,RightFoot,28000,Borussia M.Gladbach,Freiburg,1,2,2025-04-12 13:30:00,Vincenzo Grifo,Pass
627068,56,MissedShots,96.0999984741211,41.099998474121094,0.0299644358456134,Lukas Kübler,a,5263,FromCorner,2024,Head,28000,Borussia M.Gladbach,Freiburg,1,2,2025-04-12 13:30:00,Vincenzo Grifo,Aerial
590046,95,MissedShots,88.5,50.0,0.75777667760849,Lucas Höler,a,6475,Penalty,2024,RightFoot,27759,Bayern Munich,Freiburg,2,0,2024-09-01 15:30:00,,Standard
592343,87,MissedShots,95.5,65.30000305175781,0.0927850306034088,Lucas Höler,a,6475,OpenPlay,2024,RightFoot,27772,FC Heidenheim,Freiburg,0,3,2024-09-21 13:30:00,Florent Muslija,Pass
595424,88,MissedShots,88.9000015258789,62.79999923706055,0.3913260400295257,Lucas Höler,a,6475,OpenPlay,2024,RightFoot,27789,Werder Bremen,Freiburg,0,1,2024-10-05 13:30:00,Florent Muslija,Pass
595429,94,MissedShots,84.5999984741211,60.099998474121094,0.2953515946865082,Lucas Höler,a,6475,OpenPlay,2024,RightFoot,27789,Werder Bremen,Freiburg,0,1,2024-10-05 13:30:00,Max Rosenfelder,Pass
601170,82,SavedShot,90.5,48.9000015258789,0.48642498254776,Lucas Höler,a,6475,OpenPlay,2024,LeftFoot,27829,Union Berlin,Freiburg,0,0,2024-11-08 19:30:00,Eren Sami Dinkci,Pass
602748,23,BlockedShot,87.69999694824219,50.0999984741211,0.3901240825653076,Lucas Höler,a,6475,OpenPlay,2024,LeftFoot,27835,Borussia Dortmund,Freiburg,4,0,2024-11-23 14:30:00,,Rebound
602747,23,ShotOnPost,90.1999969482422,50.70000076293945,0.4524840414524078,Lucas Höler,a,6475,OpenPlay,2024,LeftFoot,27835,Borussia Dortmund,Freiburg,4,0,2024-11-23 14:30:00,,Rebound
604203,11,MissedShots,91.1999969482422,44.900001525878906,0.0441268645226955,Lucas Höler,h,6475,SetPiece,2024,Head,27845,Freiburg,Borussia M.Gladbach,3,1,2024-11-30 14:30:00,Christian Günter,Aerial
604210,40,Goal,92.0,44.900001525878906,0.5904808640480042,Lucas Höler,h,6475,OpenPlay,2024,RightFoot,27845,Freiburg,Borussia M.Gladbach,3,1,2024-11-30 14:30:00,,Rebound
604212,48,BlockedShot,85.69999694824219,65.0,0.0740679502487182,Lucas Höler,h,6475,OpenPlay,2024,LeftFoot,27845,Freiburg,Borussia M.Gladbach,3,1,2024-11-30 14:30:00,Ritsu Doan,Pass
604221,61,Goal,91.80000305175781,55.400001525878906,0.5155513286590576,Lucas Höler,h,6475,OpenPlay,2024,LeftFoot,27845,Freiburg,Borussia M.Gladbach,3,1,2024-11-30 14:30:00,Vincenzo Grifo,Pass
606542,50,MissedShots,90.1999969482422,51.20000076293946,0.4706302881240845,Lucas Höler,a,6475,OpenPlay,2024,RightFoot,27852,Hoffenheim,Freiburg,1,1,2024-12-08 16:30:00,Patrick Osterhage,Pass
606819,76,BlockedShot,92.30000305175781,47.700000762939446,0.580538272857666,Lucas Höler,h,6475,OpenPlay,2024,LeftFoot,27862,Freiburg,Wolfsburg,3,2,2024-12-13 19:30:00,,Rebound
606818,76,SavedShot,92.6999969482422,41.599998474121094,0.4698170721530914,Lucas Höler,h,6475,OpenPlay,2024,LeftFoot,27862,Freiburg,Wolfsburg,3,2,2024-12-13 19:30:00,Max Rosenfelder,TakeOn
606820,77,SavedShot,92.09999847412108,47.0,0.4298183619976043,Lucas Höler,h,6475,OpenPlay,2024,Head,27862,Freiburg,Wolfsburg,3,2,2024-12-13 19:30:00,Ritsu Doan,Aerial
608489,34,MissedShots,91.80000305175781,64.80000305175781,0.340493232011795,Lucas Höler,a,6475,OpenPlay,2024,LeftFoot,27868,Bayer Leverkusen,Freiburg,5,1,2024-12-21 17:30:00,,BlockedPass
610665,54,SavedShot,97.0,33.79999923706054,0.059760645031929,Lucas Höler,h,6475,OpenPlay,2024,RightFoot,27881,Freiburg,Holstein Kiel,3,2,2025-01-11 14:30:00,Lukas Kübler,BallRecovery
613246,64,SavedShot,92.6999969482422,35.0,0.0136020686477422,Lucas Höler,h,6475,OpenPlay,2024,Head,27912,Freiburg,Bayern Munich,1,2,2025-01-25 14:30:00,Lukas Kübler,Cross
614759,85,ShotOnPost,82.80000305175781,53.29999923706055,0.3320378065109253,Lucas Höler,a,6475,OpenPlay,2024,RightFoot,27914,Bochum,Freiburg,0,1,2025-02-01 14:30:00,,None
614764,89,SavedShot,93.3000030517578,44.5,0.6317933797836304,Lucas Höler,a,6475,OpenPlay,2024,RightFoot,27914,Bochum,Freiburg,0,1,2025-02-01 14:30:00,Merlin Röhl,Pass
618115,67,BlockedShot,96.5,44.900001525878906,0.8650116920471191,Lucas Höler,h,6475,OpenPlay,2024,Head,27944,Freiburg,Werder Bremen,5,0,2025-02-21 19:30:00,,Rebound
621499,13,SavedShot,90.5,50.29999923706055,0.1151450350880622,Lucas Höler,h,6475,OpenPlay,2024,Head,27963,Freiburg,RasenBallsport Leipzig,0,0,2025-03-08 17:30:00,Ritsu Doan,Cross
621511,63,SavedShot,90.5,48.700000762939446,0.1042665094137191,Lucas Höler,h,6475,SetPiece,2024,Head,27963,Freiburg,RasenBallsport Leipzig,0,0,2025-03-08 17:30:00,Vincenzo Grifo,Cross
622536,61,SavedShot,92.09999847412108,52.900001525878906,0.3787134289741516,Lucas Höler,a,6475,OpenPlay,2024,RightFoot,27972,Mainz 05,Freiburg,2,2,2025-03-15 14:30:00,Christian Günter,Cross
622538,63,SavedShot,91.30000305175781,41.4000015258789,0.0330739803612232,Lucas Höler,a,6475,OpenPlay,2024,Head,27972,Mainz 05,Freiburg,2,2,2025-03-15 14:30:00,Ritsu Doan,Aerial
624640,28,Goal,92.90000152587892,53.200000762939446,0.4186526536941528,Lucas Höler,h,6475,OpenPlay,2024,RightFoot,27982,Freiburg,Union Berlin,1,2,2025-03-30 14:30:00,Vincenzo Grifo,Cross
625612,39,BlockedShot,85.4000015258789,50.0,0.0849754512310028,Lucas Höler,h,6475,OpenPlay,2024,RightFoot,27988,Freiburg,Borussia Dortmund,1,4,2025-04-05 13:30:00,Junior Adamu,Pass
625620,55,MissedShots,90.1999969482422,60.5,0.0935108885169029,Lucas Höler,h,6475,OpenPlay,2024,RightFoot,27988,Freiburg,Borussia Dortmund,1,4,2025-04-05 13:30:00,Vincenzo Grifo,Pass
627069,56,SavedShot,96.40000152587892,44.70000076293945,0.1201017946004867,Lucas Höler,a,6475,FromCorner,2024,RightFoot,28000,Borussia M.Gladbach,Freiburg,1,2,2025-04-12 13:30:00,Lukas Kübler,None
627070,57,BlockedShot,98.5999984741211,42.79999923706055,0.1360550671815872,Lucas Höler,a,6475,FromCorner,2024,RightFoot,28000,Borussia M.Gladbach,Freiburg,1,2,2025-04-12 13:30:00,,Rebound
604204,14,MissedShots,90.30000305175781,66.19999694824219,0.0145549429580569,Michael Gregoritsch,h,171,OpenPlay,2024,Head,27845,Freiburg,Borussia M.Gladbach,3,1,2024-11-30 14:30:00,Ritsu Doan,Cross
604205,19,SavedShot,90.1999969482422,59.299999237060554,0.0174741744995117,Michael Gregoritsch,h,171,SetPiece,2024,Head,27845,Freiburg,Borussia M.Gladbach,3,1,2024-11-30 14:30:00,Matthias Ginter,Aerial
604207,25,BlockedShot,75.5,34.4000015258789,0.0560723021626472,Michael Gregoritsch,h,171,DirectFreekick,2024,LeftFoot,27845,Freiburg,Borussia M.Gladbach,3,1,2024-11-30 14:30:00,,Standard
604209,40,SavedShot,86.30000305175781,52.09999847412109,0.3945586383342743,Michael Gregoritsch,h,171,OpenPlay,2024,RightFoot,27845,Freiburg,Borussia M.Gladbach,3,1,2024-11-30 14:30:00,Philipp Lienhart,Chipped
604219,57,MissedShots,90.9000015258789,48.200000762939446,0.3271012902259826,Michael Gregoritsch,h,171,OpenPlay,2024,Head,27845,Freiburg,Borussia M.Gladbach,3,1,2024-11-30 14:30:00,Lucas Höler,Cross
606529,2,SavedShot,84.5999984741211,51.29999923706055,0.0916178375482559,Michael Gregoritsch,a,171,OpenPlay,2024,RightFoot,27852,Hoffenheim,Freiburg,1,1,2024-12-08 16:30:00,Maximilian Eggestein,Pass
606532,17,MissedShots,89.0999984741211,47.9000015258789,0.0781695246696472,Michael Gregoritsch,a,171,OpenPlay,2024,Head,27852,Hoffenheim,Freiburg,1,1,2024-12-08 16:30:00,Lucas Höler,Cross
606808,50,BlockedShot,90.09999847412108,52.29999923706055,0.0693271979689598,Michael Gregoritsch,h,171,FromCorner,2024,Head,27862,Freiburg,Wolfsburg,3,2,2024-12-13 19:30:00,Vincenzo Grifo,Cross
606811,60,Goal,90.09999847412108,47.200000762939446,0.0928721725940704,Michael Gregoritsch,h,171,OpenPlay,2024,Head,27862,Freiburg,Wolfsburg,3,2,2024-12-13 19:30:00,Ritsu Doan,Cross
608501,73,BlockedShot,92.30000305175781,30.70000076293945,0.0330791287124156,Michael Gregoritsch,a,171,OpenPlay,2024,RightFoot,27868,Bayer Leverkusen,Freiburg,5,1,2024-12-21 17:30:00,,Rebound
611453,84,MissedShots,75.5,55.599998474121094,0.0708775296807289,Michael Gregoritsch,a,171,DirectFreekick,2024,LeftFoot,27889,Eintracht Frankfurt,Freiburg,4,1,2025-01-14 19:30:00,,Standard
622531,52,SavedShot,91.1999969482422,53.5,0.1010547801852226,Michael Gregoritsch,a,171,OpenPlay,2024,Head,27972,Mainz 05,Freiburg,2,2,2025-03-15 14:30:00,Ritsu Doan,Cross
622535,57,Goal,92.30000305175781,49.4000015258789,0.3065214455127716,Michael Gregoritsch,a,171,OpenPlay,2024,Head,27972,Mainz 05,Freiburg,2,2,2025-03-15 14:30:00,Christian Günter,Aerial
622547,88,MissedShots,82.5,57.29999923706055,0.1075117439031601,Michael Gregoritsch,a,171,OpenPlay,2024,LeftFoot,27972,Mainz 05,Freiburg,2,2,2025-03-15 14:30:00,Ritsu Doan,BallTouch
622548,91,MissedShots,91.09999847412108,52.900001525878906,0.0967057943344116,Michael Gregoritsch,a,171,OpenPlay,2024,RightFoot,27972,Mainz 05,Freiburg,2,2,2025-03-15 14:30:00,,None
592322,0,MissedShots,91.80000305175781,59.70000076293945,0.0428076088428497,Matthias Ginter,a,315,FromCorner,2024,Head,27772,FC Heidenheim,Freiburg,0,3,2024-09-21 13:30:00,Vincenzo Grifo,Cross
592329,42,MissedShots,70.4000015258789,54.400001525878906,0.0138807035982608,Matthias Ginter,a,315,OpenPlay,2024,RightFoot,27772,FC Heidenheim,Freiburg,0,3,2024-09-21 13:30:00,Christian Günter,Pass
596934,27,BlockedShot,91.4000015258789,55.20000076293945,0.1000426486134529,Matthias Ginter,h,315,FromCorner,2024,RightFoot,27800,Freiburg,Augsburg,3,1,2024-10-19 13:30:00,,None
598370,89,MissedShots,94.0,43.09999847412109,0.0819587856531143,Matthias Ginter,a,315,OpenPlay,2024,RightFoot,27806,RasenBallsport Leipzig,Freiburg,3,1,2024-10-26 13:30:00,,None
600606,89,MissedShots,92.0,53.400001525878906,0.0531529523432254,Matthias Ginter,h,315,SetPiece,2024,Head,27819,Freiburg,Mainz 05,0,0,2024-11-03 14:30:00,Christian Günter,Foul
606548,67,Goal,92.59999847412108,48.0,0.4543066918849945,Matthias Ginter,a,315,SetPiece,2024,RightFoot,27852,Hoffenheim,Freiburg,1,1,2024-12-08 16:30:00,Vincenzo Grifo,Cross
606790,5,SavedShot,90.30000305175781,57.29999923706055,0.0547523759305477,Matthias Ginter,h,315,FromCorner,2024,Head,27862,Freiburg,Wolfsburg,3,2,2024-12-13 19:30:00,Vincenzo Grifo,Cross
610661,36,BlockedShot,91.59999847412108,49.29999923706055,0.1206989362835884,Matthias Ginter,h,315,SetPiece,2024,Head,27881,Freiburg,Holstein Kiel,3,2,2025-01-11 14:30:00,Vincenzo Grifo,Cross
613248,67,Goal,93.5,49.0,0.1271063238382339,Matthias Ginter,h,315,FromCorner,2024,Head,27912,Freiburg,Bayern Munich,1,2,2025-01-25 14:30:00,Ritsu Doan,Cross
613253,89,MissedShots,87.4000015258789,51.5,0.0181400831788778,Matthias Ginter,h,315,OpenPlay,2024,Head,27912,Freiburg,Bayern Munich,1,2,2025-01-25 14:30:00,Vincenzo Grifo,Aerial
614735,26,MissedShots,98.0999984741211,46.20000076293945,0.6953414082527161,Matthias Ginter,a,315,OpenPlay,2024,Head,27914,Bochum,Freiburg,0,1,2025-02-01 14:30:00,Kiliann Sildillia,Pass
614742,44,MissedShots,93.8000030517578,50.5,0.0724233835935592,Matthias Ginter,a,315,FromCorner,2024,Head,27914,Bochum,Freiburg,0,1,2025-02-01 14:30:00,Vincenzo Grifo,Aerial
616065,45,MissedShots,91.5,41.700000762939446,0.0176022984087467,Matthias Ginter,h,315,FromCorner,2024,Head,27926,Freiburg,FC Heidenheim,1,0,2025-02-08 14:30:00,Vincenzo Grifo,Aerial
618100,2,SavedShot,92.90000152587892,48.099998474121094,0.3993642926216125,Matthias Ginter,h,315,OpenPlay,2024,Head,27944,Freiburg,Werder Bremen,5,0,2025-02-21 19:30:00,Maximilian Eggestein,Chipped
620636,86,MissedShots,90.9000015258789,42.29999923706055,0.3073009848594665,Matthias Ginter,a,315,OpenPlay,2024,Head,27954,Augsburg,Freiburg,0,0,2025-03-02 16:30:00,Christian Günter,Aerial
622524,32,BlockedShot,90.5,56.49999999999999,0.0367524772882461,Matthias Ginter,a,315,OpenPlay,2024,Head,27972,Mainz 05,Freiburg,2,2,2025-03-15 14:30:00,Kiliann Sildillia,Aerial
622523,32,BlockedShot,86.5999984741211,58.599998474121094,0.0903443694114685,Matthias Ginter,a,315,OpenPlay,2024,RightFoot,27972,Mainz 05,Freiburg,2,2,2025-03-15 14:30:00,Maximilian Eggestein,Pass
622533,54,MissedShots,90.5,45.29999923706054,0.0654217824339866,Matthias Ginter,a,315,FromCorner,2024,Head,27972,Mainz 05,Freiburg,2,2,2025-03-15 14:30:00,Vincenzo Grifo,Cross
624639,26,MissedShots,67.80000305175781,53.79999923706055,0.0091432873159646,Matthias Ginter,h,315,OpenPlay,2024,RightFoot,27982,Freiburg,Union Berlin,1,2,2025-03-30 14:30:00,,None
585960,46,MissedShots,75.4000015258789,65.4000015258789,0.014569560997188,Christian Günter,h,4243,OpenPlay,2024,LeftFoot,27745,Freiburg,VfB Stuttgart,3,1,2024-08-24 13:30:00,,None
592327,24,BlockedShot,78.0999984741211,45.400001525878906,0.0241107009351253,Christian Günter,a,4243,FromCorner,2024,LeftFoot,27772,FC Heidenheim,Freiburg,0,3,2024-09-21 13:30:00,,None
592339,68,MissedShots,80.4000015258789,68.0,0.0425154902040958,Christian Günter,a,4243,OpenPlay,2024,LeftFoot,27772,FC Heidenheim,Freiburg,0,3,2024-09-21 13:30:00,Maximilian Eggestein,Pass
596941,45,Goal,72.0999984741211,60.90000152587891,0.0240493193268775,Christian Günter,h,4243,OpenPlay,2024,LeftFoot,27800,Freiburg,Augsburg,3,1,2024-10-19 13:30:00,Ritsu Doan,Chipped
598352,14,BlockedShot,84.30000305175781,75.5999984741211,0.0248898509889841,Christian Günter,a,4243,OpenPlay,2024,LeftFoot,27806,RasenBallsport Leipzig,Freiburg,3,1,2024-10-26 13:30:00,Vincenzo Grifo,Pass
598355,30,MissedShots,86.4000015258789,71.69999694824219,0.0474347919225692,Christian Günter,a,4243,OpenPlay,2024,LeftFoot,27806,RasenBallsport Leipzig,Freiburg,3,1,2024-10-26 13:30:00,Vincenzo Grifo,Pass
601151,10,MissedShots,92.09999847412108,69.69999694824219,0.0535254478454589,Christian Günter,a,4243,OpenPlay,2024,LeftFoot,27829,Union Berlin,Freiburg,0,0,2024-11-08 19:30:00,Vincenzo Grifo,Pass
601155,21,MissedShots,95.5,57.70000076293945,0.5377379059791565,Christian Günter,a,4243,SetPiece,2024,LeftFoot,27829,Union Berlin,Freiburg,0,0,2024-11-08 19:30:00,,Rebound
601160,37,SavedShot,74.0,59.099998474121094,0.0150821702554821,Christian Günter,a,4243,OpenPlay,2024,LeftFoot,27829,Union Berlin,Freiburg,0,0,2024-11-08 19:30:00,,None
601166,61,SavedShot,79.0,70.9000015258789,0.0172784198075532,Christian Günter,a,4243,OpenPlay,2024,LeftFoot,27829,Union Berlin,Freiburg,0,0,2024-11-08 19:30:00,,None
604206,20,BlockedShot,87.80000305175781,69.5,0.0376977957785129,Christian Günter,h,4243,OpenPlay,2024,LeftFoot,27845,Freiburg,Borussia M.Gladbach,3,1,2024-11-30 14:30:00,Lucas Höler,Chipped
610659,28,BlockedShot,81.5,63.59999847412109,0.0505532473325729,Christian Günter,h,4243,OpenPlay,2024,LeftFoot,27881,Freiburg,Holstein Kiel,3,2,2025-01-11 14:30:00,Eren Sami Dinkci,Pass
610663,37,Goal,86.69999694824219,10.89999961853027,0.0385515876114368,Christian Günter,h,4243,DirectFreekick,2024,LeftFoot,27881,Freiburg,Holstein Kiel,3,2,2025-01-11 14:30:00,,Standard
610672,76,MissedShots,87.9000015258789,71.80000305175781,0.0374339185655117,Christian Günter,h,4243,OpenPlay,2024,LeftFoot,27881,Freiburg,Holstein Kiel,3,2,2025-01-11 14:30:00,Lukas Kübler,Cross
611424,0,SavedShot,69.19999694824219,75.0999984741211,0.0073744738474488,Christian Günter,a,4243,OpenPlay,2024,LeftFoot,27889,Eintracht Frankfurt,Freiburg,4,1,2025-01-14 19:30:00,,None
611443,61,SavedShot,87.0,68.9000015258789,0.0464024320244789,Christian Günter,a,4243,OpenPlay,2024,LeftFoot,27889,Eintracht Frankfurt,Freiburg,4,1,2025-01-14 19:30:00,Vincenzo Grifo,Pass
614730,11,BlockedShot,84.0999984741211,67.30000305175781,0.0381533838808536,Christian Günter,a,4243,OpenPlay,2024,LeftFoot,27914,Bochum,Freiburg,0,1,2025-02-01 14:30:00,Vincenzo Grifo,Pass
618114,67,BlockedShot,86.5999984741211,65.0999984741211,0.1117284074425697,Christian Günter,h,4243,OpenPlay,2024,LeftFoot,27944,Freiburg,Werder Bremen,5,0,2025-02-21 19:30:00,Vincenzo Grifo,Pass
621509,58,MissedShots,72.9000015258789,60.70000076293945,0.017640009522438,Christian Günter,h,4243,OpenPlay,2024,LeftFoot,27963,Freiburg,RasenBallsport Leipzig,0,0,2025-03-08 17:30:00,Maximilian Eggestein,Pass
622517,6,MissedShots,85.9000015258789,69.0,0.0417794324457645,Christian Günter,a,4243,OpenPlay,2024,LeftFoot,27972,Mainz 05,Freiburg,2,2,2025-03-15 14:30:00,,None
627057,13,OwnGoal,3.5000000000000004,65.0,0.0,Christian Günter,a,4243,OpenPlay,2024,LeftFoot,28000,Borussia M.Gladbach,Freiburg,1,2,2025-04-12 13:30:00,,None
614739,33,Goal,96.0999984741211,47.4000015258789,0.5008545517921448,Kiliann Sildillia,a,9270,FromCorner,2024,Head,27914,Bochum,Freiburg,0,1,2025-02-01 14:30:00,Christian Günter,Cross
618103,14,Goal,91.1999969482422,45.09999847412109,0.0490633957087993,Kiliann Sildillia,h,9270,FromCorner,2024,RightFoot,27944,Freiburg,Werder Bremen,5,0,2025-02-21 19:30:00,,Aerial
620620,4,MissedShots,76.5999984741211,54.0,0.0130682941526174,Kiliann Sildillia,a,9270,OpenPlay,2024,RightFoot,27954,Augsburg,Freiburg,0,0,2025-03-02 16:30:00,,Aerial
621516,72,MissedShots,50.9000015258789,24.29999923706054,0.0062100212089717,Kiliann Sildillia,h,9270,OpenPlay,2024,RightFoot,27963,Freiburg,RasenBallsport Leipzig,0,0,2025-03-08 17:30:00,Philipp Lienhart,Pass
621519,86,BlockedShot,78.69999694824219,29.20000076293945,0.0174957327544689,Kiliann Sildillia,h,9270,OpenPlay,2024,LeftFoot,27963,Freiburg,RasenBallsport Leipzig,0,0,2025-03-08 17:30:00,,None
622528,44,MissedShots,90.5,50.79999923706055,0.0874392241239547,Kiliann Sildillia,a,9270,FromCorner,2024,Head,27972,Mainz 05,Freiburg,2,2,2025-03-15 14:30:00,Vincenzo Grifo,Cross
624635,12,BlockedShot,90.59999847412108,47.700000762939446,0.0773325636982917,Kiliann Sildillia,h,9270,FromCorner,2024,Head,27982,Freiburg,Union Berlin,1,2,2025-03-30 14:30:00,Christian Günter,Cross
585964,57,MissedShots,87.5999984741211,52.70000076293946,0.1235995665192604,Junior Adamu,h,12069,OpenPlay,2024,LeftFoot,27745,Freiburg,VfB Stuttgart,3,1,2024-08-24 13:30:00,Vincenzo Grifo,Pass
590026,3,MissedShots,68.80000305175781,49.9000015258789,0.0124964220449328,Junior Adamu,a,12069,OpenPlay,2024,RightFoot,27759,Bayern Munich,Freiburg,2,0,2024-09-01 15:30:00,Merlin Röhl,Tackle
590676,26,MissedShots,89.0999984741211,63.29999923706055,0.0672309920191764,Junior Adamu,h,12069,OpenPlay,2024,LeftFoot,27762,Freiburg,Bochum,2,1,2024-09-14 13:30:00,Max Rosenfelder,Chipped
590686,45,SavedShot,97.0999984741211,59.70000076293945,0.2637703716754913,Junior Adamu,h,12069,SetPiece,2024,LeftFoot,27762,Freiburg,Bochum,2,1,2024-09-14 13:30:00,Vincenzo Grifo,Cross
590688,57,Goal,81.9000015258789,50.0,0.316991776227951,Junior Adamu,h,12069,OpenPlay,2024,LeftFoot,27762,Freiburg,Bochum,2,1,2024-09-14 13:30:00,Vincenzo Grifo,Throughball
590691,60,Goal,95.19999694824219,47.79999923706055,0.1557332873344421,Junior Adamu,h,12069,OpenPlay,2024,LeftFoot,27762,Freiburg,Bochum,2,1,2024-09-14 13:30:00,,Rebound
590703,85,MissedShots,96.0999984741211,56.99999999999999,0.493996649980545,Junior Adamu,h,12069,OpenPlay,2024,Head,27762,Freiburg,Bochum,2,1,2024-09-14 13:30:00,,None
590702,85,SavedShot,92.0,51.5,0.4955017864704132,Junior Adamu,h,12069,OpenPlay,2024,RightFoot,27762,Freiburg,Bochum,2,1,2024-09-14 13:30:00,Christian Günter,BallTouch
592335,58,BlockedShot,90.59999847412108,35.4000015258789,0.1069221347570419,Junior Adamu,a,12069,OpenPlay,2024,LeftFoot,27772,FC Heidenheim,Freiburg,0,3,2024-09-21 13:30:00,Eren Sami Dinkci,TakeOn
594022,70,MissedShots,90.5,46.0,0.0540826022624969,Junior Adamu,h,12069,OpenPlay,2024,Head,27779,Freiburg,St. Pauli,0,3,2024-09-28 13:30:00,Christian Günter,Aerial
595409,26,MissedShots,78.4000015258789,49.70000076293945,0.0553745292127132,Junior Adamu,a,12069,OpenPlay,2024,RightFoot,27789,Werder Bremen,Freiburg,0,1,2024-10-05 13:30:00,Lukas Kübler,LayOff
595413,44,BlockedShot,87.30000305175781,57.900001525878906,0.0587437227368354,Junior Adamu,a,12069,OpenPlay,2024,LeftFoot,27789,Werder Bremen,Freiburg,0,1,2024-10-05 13:30:00,Maximilian Eggestein,Cross
596930,16,MissedShots,72.5,63.70000076293946,0.0183014553040266,Junior Adamu,h,12069,OpenPlay,2024,LeftFoot,27800,Freiburg,Augsburg,3,1,2024-10-19 13:30:00,Eren Sami Dinkci,Pass
596931,17,SavedShot,84.0999984741211,62.70000076293945,0.053848847746849,Junior Adamu,h,12069,OpenPlay,2024,RightFoot,27800,Freiburg,Augsburg,3,1,2024-10-19 13:30:00,Maximilian Eggestein,Pass
596935,27,BlockedShot,91.1999969482422,53.400001525878906,0.1023776531219482,Junior Adamu,h,12069,FromCorner,2024,RightFoot,27800,Freiburg,Augsburg,3,1,2024-10-19 13:30:00,,None
598350,10,MissedShots,89.5,48.700000762939446,0.420171320438385,Junior Adamu,a,12069,OpenPlay,2024,RightFoot,27806,RasenBallsport Leipzig,Freiburg,3,1,2024-10-26 13:30:00,,None
598363,52,SavedShot,90.9000015258789,48.5,0.1130849719047546,Junior Adamu,a,12069,OpenPlay,2024,Head,27806,RasenBallsport Leipzig,Freiburg,3,1,2024-10-26 13:30:00,Christian Günter,Cross
600593,33,SavedShot,85.5,50.5,0.1257788240909576,Junior Adamu,h,12069,OpenPlay,2024,RightFoot,27819,Freiburg,Mainz 05,0,0,2024-11-03 14:30:00,Eren Sami Dinkci,Pass
601148,8,MissedShots,91.59999847412108,43.0,0.0468472503125667,Junior Adamu,a,12069,OpenPlay,2024,Head,27829,Union Berlin,Freiburg,0,0,2024-11-08 19:30:00,Christian Günter,Aerial
601159,33,MissedShots,94.1999969482422,44.0,0.6411063075065613,Junior Adamu,a,12069,OpenPlay,2024,RightFoot,27829,Union Berlin,Freiburg,0,0,2024-11-08 19:30:00,Patrick Osterhage,Pass
602764,70,SavedShot,91.30000305175781,56.900001525878906,0.3186185956001282,Junior Adamu,a,12069,SetPiece,2024,LeftFoot,27835,Borussia Dortmund,Freiburg,4,0,2024-11-23 14:30:00,Vincenzo Grifo,Chipped
612215,5,MissedShots,94.0,58.20000076293945,0.0841614156961441,Junior Adamu,a,12069,OpenPlay,2024,RightFoot,27896,VfB Stuttgart,Freiburg,4,0,2025-01-18 14:30:00,,None
613252,86,MissedShots,93.3000030517578,56.99999999999999,0.0417156442999839,Junior Adamu,h,12069,OpenPlay,2024,Head,27912,Freiburg,Bayern Munich,1,2,2025-01-25 14:30:00,Philipp Lienhart,Aerial
616070,67,SavedShot,87.5,70.30000305175781,0.0529241636395454,Junior Adamu,h,12069,OpenPlay,2024,LeftFoot,27926,Freiburg,FC Heidenheim,1,0,2025-02-08 14:30:00,Vincenzo Grifo,Pass
622518,8,MissedShots,94.90000152587892,43.79999923706055,0.0975250825285911,Junior Adamu,a,12069,OpenPlay,2024,Head,27972,Mainz 05,Freiburg,2,2,2025-03-15 14:30:00,Kiliann Sildillia,Pass
622529,48,MissedShots,90.9000015258789,56.99999999999999,0.067790076136589,Junior Adamu,a,12069,OpenPlay,2024,Head,27972,Mainz 05,Freiburg,2,2,2025-03-15 14:30:00,Christian Günter,Cross
625619,53,SavedShot,93.0,53.0,0.4850429892539978,Junior Adamu,h,12069,OpenPlay,2024,RightFoot,27988,Freiburg,Borussia Dortmund,1,4,2025-04-05 13:30:00,,None
627067,50,SavedShot,90.80000305175781,41.599998474121094,0.1148486286401748,Junior Adamu,a,12069,OpenPlay,2024,RightFoot,28000,Borussia M.Gladbach,Freiburg,1,2,2025-04-12 13:30:00,Vincenzo Grifo,Pass
627071,57,BlockedShot,91.6999969482422,46.400001525878906,0.131918579339981,Junior Adamu,a,12069,FromCorner,2024,LeftFoot,28000,Borussia M.Gladbach,Freiburg,1,2,2025-04-12 13:30:00,,Rebound
627075,74,BlockedShot,91.1999969482422,47.700000762939446,0.1271386295557022,Junior Adamu,a,12069,OpenPlay,2024,RightFoot,28000,Borussia M.Gladbach,Freiburg,1,2,2025-04-12 13:30:00,Kiliann Sildillia,Pass
590668,2,MissedShots,86.69999694824219,47.200000762939446,0.0384482815861702,Maximilian Eggestein,h,125,SetPiece,2024,RightFoot,27762,Freiburg,Bochum,2,1,2024-09-14 13:30:00,Vincenzo Grifo,Cross
590696,66,BlockedShot,83.69999694824219,45.5,0.074974350631237,Maximilian Eggestein,h,125,OpenPlay,2024,RightFoot,27762,Freiburg,Bochum,2,1,2024-09-14 13:30:00,,Rebound
595406,15,MissedShots,77.0999984741211,56.70000076293945,0.0209724567830562,Maximilian Eggestein,a,125,OpenPlay,2024,LeftFoot,27789,Werder Bremen,Freiburg,0,1,2024-10-05 13:30:00,,Rebound
595410,28,SavedShot,78.4000015258789,40.099998474121094,0.0317353196442127,Maximilian Eggestein,a,125,OpenPlay,2024,RightFoot,27789,Werder Bremen,Freiburg,0,1,2024-10-05 13:30:00,Eren Sami Dinkci,Pass
595418,57,BlockedShot,77.0,37.59999847412109,0.0201559737324714,Maximilian Eggestein,a,125,OpenPlay,2024,LeftFoot,27789,Werder Bremen,Freiburg,0,1,2024-10-05 13:30:00,,None
596933,26,SavedShot,72.4000015258789,48.099998474121094,0.0130563359707593,Maximilian Eggestein,h,125,OpenPlay,2024,RightFoot,27800,Freiburg,Augsburg,3,1,2024-10-19 13:30:00,,None
596948,87,BlockedShot,89.19999694824219,48.200000762939446,0.1110235080122947,Maximilian Eggestein,h,125,OpenPlay,2024,RightFoot,27800,Freiburg,Augsburg,3,1,2024-10-19 13:30:00,,None
600595,47,MissedShots,71.19999694824219,58.900001525878906,0.0140401553362607,Maximilian Eggestein,h,125,OpenPlay,2024,RightFoot,27819,Freiburg,Mainz 05,0,0,2024-11-03 14:30:00,Vincenzo Grifo,Pass
600597,54,BlockedShot,90.5,71.0999984741211,0.037083763629198,Maximilian Eggestein,h,125,OpenPlay,2024,RightFoot,27819,Freiburg,Mainz 05,0,0,2024-11-03 14:30:00,Vincenzo Grifo,Pass
604201,1,BlockedShot,85.5,33.400001525878906,0.0451524183154106,Maximilian Eggestein,h,125,OpenPlay,2024,RightFoot,27845,Freiburg,Borussia M.Gladbach,3,1,2024-11-30 14:30:00,Lucas Höler,Pass
604211,44,SavedShot,75.19999694824219,64.80000305175781,0.0275575891137123,Maximilian Eggestein,h,125,OpenPlay,2024,RightFoot,27845,Freiburg,Borussia M.Gladbach,3,1,2024-11-30 14:30:00,Nicolas Höfler,Pass
606534,27,BlockedShot,85.30000305175781,41.9000015258789,0.0888789743185043,Maximilian Eggestein,a,125,OpenPlay,2024,RightFoot,27852,Hoffenheim,Freiburg,1,1,2024-12-08 16:30:00,Ritsu Doan,Pass
606539,45,MissedShots,86.9000015258789,45.09999847412109,0.0796290561556816,Maximilian Eggestein,a,125,OpenPlay,2024,RightFoot,27852,Hoffenheim,Freiburg,1,1,2024-12-08 16:30:00,,None
608483,14,SavedShot,96.19999694824219,51.70000076293946,0.7387526035308838,Maximilian Eggestein,a,125,SetPiece,2024,Head,27868,Bayer Leverkusen,Freiburg,5,1,2024-12-21 17:30:00,,Aerial
610660,28,SavedShot,72.0,47.200000762939446,0.015931848436594,Maximilian Eggestein,h,125,OpenPlay,2024,RightFoot,27881,Freiburg,Holstein Kiel,3,2,2025-01-11 14:30:00,,Rebound
613240,5,BlockedShot,72.9000015258789,43.79999923706055,0.01810291595757,Maximilian Eggestein,h,125,OpenPlay,2024,LeftFoot,27912,Freiburg,Bayern Munich,1,2,2025-01-25 14:30:00,Ritsu Doan,Pass
614751,59,BlockedShot,88.80000305175781,41.599998474121094,0.0876400768756866,Maximilian Eggestein,a,125,FromCorner,2024,LeftFoot,27914,Bochum,Freiburg,0,1,2025-02-01 14:30:00,,Rebound
614749,59,BlockedShot,87.5999984741211,28.499999999999996,0.0489378497004509,Maximilian Eggestein,a,125,OpenPlay,2024,RightFoot,27914,Bochum,Freiburg,0,1,2025-02-01 14:30:00,Kiliann Sildillia,Pass
618113,58,BlockedShot,94.69999694824219,58.799999237060554,0.0286636240780353,Maximilian Eggestein,h,125,FromCorner,2024,Head,27944,Freiburg,Werder Bremen,5,0,2025-02-21 19:30:00,Vincenzo Grifo,Aerial
621512,63,BlockedShot,88.80000305175781,53.599998474121094,0.0751554071903228,Maximilian Eggestein,h,125,FromCorner,2024,RightFoot,27963,Freiburg,RasenBallsport Leipzig,0,0,2025-03-08 17:30:00,Kiliann Sildillia,BallTouch
621517,76,BlockedShot,72.80000305175781,48.29999923706055,0.0200428608804941,Maximilian Eggestein,h,125,OpenPlay,2024,LeftFoot,27963,Freiburg,RasenBallsport Leipzig,0,0,2025-03-08 17:30:00,Vincenzo Grifo,Pass
622521,21,BlockedShot,87.0,52.20000076293946,0.0924230366945266,Maximilian Eggestein,a,125,OpenPlay,2024,RightFoot,27972,Mainz 05,Freiburg,2,2,2025-03-15 14:30:00,,Rebound
622525,32,MissedShots,83.4000015258789,47.79999923706055,0.0579629875719547,Maximilian Eggestein,a,125,OpenPlay,2024,RightFoot,27972,Mainz 05,Freiburg,2,2,2025-03-15 14:30:00,,Rebound
622532,53,BlockedShot,93.40000152587892,34.700000762939446,0.0592718757688999,Maximilian Eggestein,a,125,FromCorner,2024,LeftFoot,27972,Mainz 05,Freiburg,2,2,2025-03-15 14:30:00,,None
624649,76,MissedShots,90.59999847412108,46.09999847412109,0.0400390066206455,Maximilian Eggestein,h,125,OpenPlay,2024,Head,27982,Freiburg,Union Berlin,1,2,2025-03-30 14:30:00,Jan-Niklas Beste,Aerial
625631,87,Goal,87.30000305175781,33.79999923706054,0.0608668439090251,Maximilian Eggestein,h,125,OpenPlay,2024,RightFoot,27988,Freiburg,Borussia Dortmund,1,4,2025-04-05 13:30:00,Ritsu Doan,Pass
627060,18,SavedShot,79.0999984741211,27.200000762939453,0.017603063955903,Maximilian Eggestein,a,125,OpenPlay,2024,RightFoot,28000,Borussia M.Gladbach,Freiburg,1,2,2025-04-12 13:30:00,Lukas Kübler,Pass
627086,92,SavedShot,93.40000152587892,57.49999999999999,0.4845091104507446,Maximilian Eggestein,a,125,OpenPlay,2024,LeftFoot,28000,Borussia M.Gladbach,Freiburg,1,2,2025-04-12 13:30:00,,BlockedPass
627085,92,BlockedShot,80.19999694824219,62.4000015258789,0.0508222393691539,Maximilian Eggestein,a,125,OpenPlay,2024,RightFoot,28000,Borussia M.Gladbach,Freiburg,1,2,2025-04-12 13:30:00,,None
594025,88,MissedShots,91.09999847412108,54.29999923706055,0.0284057296812534,Philipp Lienhart,h,2611,FromCorner,2024,Head,27779,Freiburg,St. Pauli,0,3,2024-09-28 13:30:00,Vincenzo Grifo,Aerial
596936,27,MissedShots,89.0999984741211,53.900001525878906,0.0639880746603012,Philipp Lienhart,h,2611,FromCorner,2024,Head,27800,Freiburg,Augsburg,3,1,2024-10-19 13:30:00,Eren Sami Dinkci,Cross
596940,36,Goal,97.40000152587892,57.900001525878906,0.319189965724945,Philipp Lienhart,h,2611,FromCorner,2024,Head,27800,Freiburg,Augsburg,3,1,2024-10-19 13:30:00,Vincenzo Grifo,Cross
598366,68,BlockedShot,74.5999984741211,45.400001525878906,0.0137669863179326,Philipp Lienhart,a,2611,SetPiece,2024,RightFoot,27806,RasenBallsport Leipzig,Freiburg,3,1,2024-10-26 13:30:00,,None
601171,86,MissedShots,86.4000015258789,47.9000015258789,0.3617075979709625,Philipp Lienhart,a,2611,OpenPlay,2024,Head,27829,Union Berlin,Freiburg,0,0,2024-11-08 19:30:00,Eren Sami Dinkci,Aerial
606821,78,MissedShots,91.0,54.29999923706055,0.0823904499411583,Philipp Lienhart,h,2611,FromCorner,2024,Head,27862,Freiburg,Wolfsburg,3,2,2024-12-13 19:30:00,Maximilian Eggestein,Cross
608482,10,ShotOnPost,82.69999694824219,43.0,0.0554639995098114,Philipp Lienhart,a,2611,OpenPlay,2024,RightFoot,27868,Bayer Leverkusen,Freiburg,5,1,2024-12-21 17:30:00,Lucas Höler,Pass
616061,18,MissedShots,86.80000305175781,51.5,0.0113919433206319,Philipp Lienhart,h,2611,SetPiece,2024,Head,27926,Freiburg,FC Heidenheim,1,0,2025-02-08 14:30:00,Vincenzo Grifo,Aerial
585951,16,BlockedShot,73.0,59.900001525878906,0.0181410443037748,Patrick Osterhage,h,9711,OpenPlay,2024,LeftFoot,27745,Freiburg,VfB Stuttgart,3,1,2024-08-24 13:30:00,Junior Adamu,Pass
585965,59,BlockedShot,87.4000015258789,55.79999923706055,0.1087243929505348,Patrick Osterhage,h,9711,OpenPlay,2024,LeftFoot,27745,Freiburg,VfB Stuttgart,3,1,2024-08-24 13:30:00,Junior Adamu,BallTouch
585970,78,MissedShots,76.69999694824219,55.20000076293945,0.0150209190323948,Patrick Osterhage,h,9711,FromCorner,2024,LeftFoot,27745,Freiburg,VfB Stuttgart,3,1,2024-08-24 13:30:00,,Aerial
590037,59,BlockedShot,85.0999984741211,56.29999923706055,0.0590698048472404,Patrick Osterhage,a,9711,OpenPlay,2024,RightFoot,27759,Bayern Munich,Freiburg,2,0,2024-09-01 15:30:00,,BallTouch
594019,46,MissedShots,90.09999847412108,64.80000305175781,0.0453092269599437,Patrick Osterhage,h,9711,FromCorner,2024,LeftFoot,27779,Freiburg,St. Pauli,0,3,2024-09-28 13:30:00,Vincenzo Grifo,Pass
594020,47,MissedShots,88.69999694824219,54.79999923706055,0.0419381894171237,Patrick Osterhage,h,9711,OpenPlay,2024,Head,27779,Freiburg,St. Pauli,0,3,2024-09-28 13:30:00,Christian Günter,Aerial
596937,27,MissedShots,90.30000305175781,48.700000762939446,0.0893429219722747,Patrick Osterhage,h,9711,FromCorner,2024,RightFoot,27800,Freiburg,Augsburg,3,1,2024-10-19 13:30:00,,BallTouch
596950,92,BlockedShot,70.30000305175781,57.20000076293945,0.0181434676051139,Patrick Osterhage,h,9711,OpenPlay,2024,LeftFoot,27800,Freiburg,Augsburg,3,1,2024-10-19 13:30:00,Nicolas Höfler,Pass
598347,3,MissedShots,86.69999694824219,58.400001525878906,0.0635158941149711,Patrick Osterhage,a,9711,FromCorner,2024,LeftFoot,27806,RasenBallsport Leipzig,Freiburg,3,1,2024-10-26 13:30:00,,None
600601,70,BlockedShot,82.80000305175781,53.0,0.0600285790860652,Patrick Osterhage,h,9711,SetPiece,2024,LeftFoot,27819,Freiburg,Mainz 05,0,0,2024-11-03 14:30:00,Christian Günter,Pass
601156,28,BlockedShot,75.0999984741211,52.20000076293946,0.0231704786419868,Patrick Osterhage,a,9711,OpenPlay,2024,LeftFoot,27829,Union Berlin,Freiburg,0,0,2024-11-08 19:30:00,,Dispossessed
601169,73,MissedShots,77.19999694824219,70.0999984741211,0.0113958334550261,Patrick Osterhage,a,9711,OpenPlay,2024,LeftFoot,27829,Union Berlin,Freiburg,0,0,2024-11-08 19:30:00,Eren Sami Dinkci,HeadPass
606799,27,BlockedShot,80.30000305175781,49.70000076293945,0.0183378644287586,Patrick Osterhage,h,9711,OpenPlay,2024,LeftFoot,27862,Freiburg,Wolfsburg,3,2,2024-12-13 19:30:00,,Aerial
606800,37,MissedShots,72.5999984741211,48.9000015258789,0.0164769534021615,Patrick Osterhage,h,9711,OpenPlay,2024,LeftFoot,27862,Freiburg,Wolfsburg,3,2,2024-12-13 19:30:00,Vincenzo Grifo,LayOff
622537,61,SavedShot,86.80000305175781,53.400001525878906,0.0885500833392143,Patrick Osterhage,a,9711,OpenPlay,2024,LeftFoot,27972,Mainz 05,Freiburg,2,2,2025-03-15 14:30:00,,Rebound
625624,70,MissedShots,92.90000152587892,51.0,0.4257076382637024,Patrick Osterhage,h,9711,SetPiece,2024,Head,27988,Freiburg,Borussia Dortmund,1,4,2025-04-05 13:30:00,Vincenzo Grifo,Cross
627058,15,Goal,89.80000305175781,54.0,0.2633096873760223,Patrick Osterhage,a,9711,OpenPlay,2024,Head,28000,Borussia M.Gladbach,Freiburg,1,2,2025-04-12 13:30:00,Lukas Kübler,Cross
618119,86,BlockedShot,71.5,49.9000015258789,0.0170328747481107,Johan Manzambi,h,13102,OpenPlay,2024,LeftFoot,27944,Freiburg,Werder Bremen,5,0,2025-02-21 19:30:00,,BallRecovery
618120,86,BlockedShot,73.69999694824219,46.400001525878906,0.016236200928688,Johan Manzambi,h,13102,OpenPlay,2024,RightFoot,27944,Freiburg,Werder Bremen,5,0,2025-02-21 19:30:00,,Rebound
624651,89,MissedShots,69.80000305175781,44.0,0.0147348642349243,Johan Manzambi,h,13102,OpenPlay,2024,RightFoot,27982,Freiburg,Union Berlin,1,2,2025-03-30 14:30:00,Philipp Lienhart,Pass
627079,84,MissedShots,90.80000305175781,59.299999237060554,0.0592280738055706,Johan Manzambi,a,13102,SetPiece,2024,Head,28000,Borussia M.Gladbach,Freiburg,1,2,2025-04-12 13:30:00,Jan-Niklas Beste,Cross
627082,89,Goal,93.3000030517578,51.79999923706055,0.4611481428146362,Johan Manzambi,a,13102,OpenPlay,2024,Head,28000,Borussia M.Gladbach,Freiburg,1,2,2025-04-12 13:30:00,Ritsu Doan,Cross
585969,73,MissedShots,78.9000015258789,43.29999923706055,0.0369392409920692,Roland Sallai,h,1277,OpenPlay,2024,LeftFoot,27745,Freiburg,VfB Stuttgart,3,1,2024-08-24 13:30:00,,None
585971,83,BlockedShot,85.30000305175781,28.499999999999996,0.1259753108024597,Roland Sallai,h,1277,OpenPlay,2024,LeftFoot,27745,Freiburg,VfB Stuttgart,3,1,2024-08-24 13:30:00,Florent Muslija,Chipped
590043,87,SavedShot,88.80000305175781,85.0999984741211,0.0124997021630406,Roland Sallai,a,1277,OpenPlay,2024,RightFoot,27759,Bayern Munich,Freiburg,2,0,2024-09-01 15:30:00,Junior Adamu,Pass
604232,93,BlockedShot,75.69999694824219,45.5,0.0238216817378997,Maximilian Philipp,h,4247,OpenPlay,2024,RightFoot,27845,Freiburg,Borussia M.Gladbach,3,1,2024-11-30 14:30:00,,None
590701,85,BlockedShot,80.19999694824219,73.5,0.0244568865746259,Nicolas Höfler,h,4250,OpenPlay,2024,RightFoot,27762,Freiburg,Bochum,2,1,2024-09-14 13:30:00,Eren Sami Dinkci,Pass
602752,42,BlockedShot,88.0999984741211,42.200000762939446,0.094354048371315,Nicolas Höfler,a,4250,SetPiece,2024,LeftFoot,27835,Borussia Dortmund,Freiburg,4,0,2024-11-23 14:30:00,Matthias Ginter,Pass
602760,54,BlockedShot,71.69999694824219,67.0999984741211,0.0095128966495394,Nicolas Höfler,a,4250,OpenPlay,2024,RightFoot,27835,Borussia Dortmund,Freiburg,4,0,2024-11-23 14:30:00,Christian Günter,Pass
616074,77,MissedShots,95.19999694824219,54.200000762939446,0.2806160151958465,Nicolas Höfler,h,4250,FromCorner,2024,Head,27926,Freiburg,FC Heidenheim,1,0,2025-02-08 14:30:00,Vincenzo Grifo,Aerial
592340,82,SavedShot,92.5,46.700000762939446,0.1368693113327026,Florent Muslija,a,7164,OpenPlay,2024,LeftFoot,27772,FC Heidenheim,Freiburg,0,3,2024-09-21 13:30:00,Jordy Makengo,Cross
598367,71,SavedShot,75.0,44.20000076293945,0.0226378627121448,Florent Muslija,a,7164,OpenPlay,2024,RightFoot,27806,RasenBallsport Leipzig,Freiburg,3,1,2024-10-26 13:30:00,Nicolas Höfler,Pass
598369,88,MissedShots,74.30000305175781,49.4000015258789,0.0640033558011055,Florent Muslija,a,7164,DirectFreekick,2024,RightFoot,27806,RasenBallsport Leipzig,Freiburg,3,1,2024-10-26 13:30:00,,Standard
590042,78,MissedShots,78.0,31.20000076293945,0.0134511906653642,Eren Sami Dinkci,a,9201,OpenPlay,2024,LeftFoot,27759,Bayern Munich,Freiburg,2,0,2024-09-01 15:30:00,,None
590694,66,BlockedShot,84.19999694824219,47.5,0.0988641828298568,Eren Sami Dinkci,h,9201,OpenPlay,2024,LeftFoot,27762,Freiburg,Bochum,2,1,2024-09-14 13:30:00,Maximilian Eggestein,Pass
592325,17,BlockedShot,93.09999847412108,62.29999923706055,0.1204152032732963,Eren Sami Dinkci,a,9201,OpenPlay,2024,RightFoot,27772,FC Heidenheim,Freiburg,0,3,2024-09-21 13:30:00,Vincenzo Grifo,Throughball
592332,48,MissedShots,88.4000015258789,34.4000015258789,0.0639547929167747,Eren Sami Dinkci,a,9201,OpenPlay,2024,RightFoot,27772,FC Heidenheim,Freiburg,0,3,2024-09-21 13:30:00,Lukas Kübler,Pass
595412,33,BlockedShot,78.9000015258789,37.09999847412109,0.0214746594429016,Eren Sami Dinkci,a,9201,FromCorner,2024,RightFoot,27789,Werder Bremen,Freiburg,0,1,2024-10-05 13:30:00,,None
598356,33,MissedShots,73.69999694824219,54.79999923706055,0.0383846759796142,Eren Sami Dinkci,a,9201,OpenPlay,2024,RightFoot,27806,RasenBallsport Leipzig,Freiburg,3,1,2024-10-26 13:30:00,Ritsu Doan,HeadPass
601164,56,MissedShots,75.0,36.200000762939446,0.0209974329918622,Eren Sami Dinkci,a,9201,OpenPlay,2024,RightFoot,27829,Union Berlin,Freiburg,0,0,2024-11-08 19:30:00,Ritsu Doan,LayOff
606554,88,SavedShot,75.9000015258789,45.70000076293945,0.0215540807694196,Eren Sami Dinkci,a,9201,OpenPlay,2024,RightFoot,27852,Hoffenheim,Freiburg,1,1,2024-12-08 16:30:00,Vincenzo Grifo,Pass
606824,90,BlockedShot,92.09999847412108,68.69999694824219,0.0743033438920974,Eren Sami Dinkci,h,9201,OpenPlay,2024,LeftFoot,27862,Freiburg,Wolfsburg,3,2,2024-12-13 19:30:00,Merlin Röhl,Pass
610667,61,BlockedShot,88.0999984741211,32.900001525878906,0.0602785907685756,Eren Sami Dinkci,h,9201,OpenPlay,2024,RightFoot,27881,Freiburg,Holstein Kiel,3,2,2025-01-11 14:30:00,,None
611427,9,SavedShot,74.4000015258789,45.0,0.0206033308058977,Eren Sami Dinkci,a,9201,OpenPlay,2024,LeftFoot,27889,Eintracht Frankfurt,Freiburg,4,1,2025-01-14 19:30:00,,BallRecovery
614748,58,SavedShot,92.59999847412108,59.0,0.4082904160022735,Eren Sami Dinkci,a,9201,OpenPlay,2024,LeftFoot,27914,Bochum,Freiburg,0,1,2025-02-01 14:30:00,,TakeOn
616062,26,MissedShots,86.19999694824219,67.5999984741211,0.0556636564433574,Eren Sami Dinkci,h,9201,OpenPlay,2024,RightFoot,27926,Freiburg,FC Heidenheim,1,0,2025-02-08 14:30:00,Vincenzo Grifo,Pass
624652,90,MissedShots,92.30000305175781,53.599998474121094,0.0537485219538211,Eren Sami Dinkci,h,9201,OpenPlay,2024,Head,27982,Freiburg,Union Berlin,1,2,2025-03-30 14:30:00,Michael Gregoritsch,HeadPass
594024,82,MissedShots,98.6999969482422,65.5999984741211,0.0579406358301639,Noah Weißhaupt,h,9732,OpenPlay,2024,RightFoot,27779,Freiburg,St. Pauli,0,3,2024-09-28 13:30:00,Vincenzo Grifo,TakeOn
611623,83,MissedShots,82.4000015258789,68.9000015258789,0.0303657371550798,Noah Weißhaupt,a,9732,OpenPlay,2024,RightFoot,27893,Bochum,St. Pauli,1,0,2025-01-15 17:30:00,David Nemeth,Chipped
614009,14,BlockedShot,80.4000015258789,70.69999694824219,0.025679986923933,Noah Weißhaupt,h,9732,OpenPlay,2024,RightFoot,27907,St. Pauli,Union Berlin,3,0,2025-01-26 16:30:00,Philipp Treu,Pass
614028,66,BlockedShot,87.5,70.9000015258789,0.0595310814678669,Noah Weißhaupt,h,9732,OpenPlay,2024,RightFoot,27907,St. Pauli,Union Berlin,3,0,2025-01-26 16:30:00,Philipp Treu,BallRecovery
614030,74,SavedShot,91.4000015258789,45.09999847412109,0.1207158118486404,Noah Weißhaupt,h,9732,OpenPlay,2024,RightFoot,27907,St. Pauli,Union Berlin,3,0,2025-01-26 16:30:00,,None
614857,26,BlockedShot,96.0999984741211,45.400001525878906,0.6013520956039429,Noah Weißhaupt,h,9732,OpenPlay,2024,RightFoot,27915,St. Pauli,Augsburg,1,1,2025-02-01 14:30:00,Morgan Guilavogui,Cross
616498,46,ShotOnPost,90.5,58.799999237060554,0.0759826898574829,Noah Weißhaupt,a,9732,SetPiece,2024,RightFoot,27923,RasenBallsport Leipzig,St. Pauli,2,0,2025-02-09 16:30:00,,None
618353,5,ShotOnPost,76.80000305175781,41.29999923706055,0.0228367298841476,Noah Weißhaupt,a,9732,OpenPlay,2024,RightFoot,27946,Mainz 05,St. Pauli,2,0,2025-02-22 14:30:00,Jackson Irvine,None
618356,25,MissedShots,77.80000305175781,30.70000076293945,0.0193755719810724,Noah Weißhaupt,a,9732,OpenPlay,2024,RightFoot,27946,Mainz 05,St. Pauli,2,0,2025-02-22 14:30:00,Siebe Van der Heyden,BallRecovery
618357,31,BlockedShot,85.30000305175781,44.29999923706054,0.0706536099314689,Noah Weißhaupt,a,9732,OpenPlay,2024,LeftFoot,27946,Mainz 05,St. Pauli,2,0,2025-02-22 14:30:00,Elias Saad,Pass
618358,35,BlockedShot,90.1999969482422,27.39999961853027,0.0796839967370033,Noah Weißhaupt,a,9732,OpenPlay,2024,RightFoot,27946,Mainz 05,St. Pauli,2,0,2025-02-22 14:30:00,Jackson Irvine,BallRecovery
621137,3,MissedShots,82.80000305175781,28.799999237060547,0.0246850252151489,Noah Weißhaupt,a,9732,OpenPlay,2024,RightFoot,27964,Wolfsburg,St. Pauli,1,1,2025-03-08 14:30:00,Oladapo Afolayan,Pass
621145,35,BlockedShot,90.6999969482422,37.29999923706055,0.1158371418714523,Noah Weißhaupt,a,9732,OpenPlay,2024,LeftFoot,27964,Wolfsburg,St. Pauli,1,1,2025-03-08 14:30:00,,TakeOn
622331,50,Goal,91.09999847412108,46.20000076293945,0.5017099380493164,Noah Weißhaupt,h,9732,OpenPlay,2024,RightFoot,27975,St. Pauli,Hoffenheim,1,0,2025-03-14 19:30:00,Philipp Treu,Pass
626339,29,BlockedShot,87.5,26.79999923706054,0.0355623848736286,Noah Weißhaupt,h,9732,OpenPlay,2024,LeftFoot,27993,St. Pauli,Borussia M.Gladbach,1,1,2025-04-06 13:30:00,Jackson Irvine,Pass
627018,91,SavedShot,89.5999984741211,31.600000381469727,0.0504913702607154,Noah Weißhaupt,a,9732,OpenPlay,2024,RightFoot,28002,Holstein Kiel,St. Pauli,1,2,2025-04-12 13:30:00,Manolis Saliakas,Chipped
585958,32,SavedShot,92.09999847412108,63.9000015258789,0.3435687720775604,Merlin Röhl,h,11331,OpenPlay,2024,LeftFoot,27745,Freiburg,VfB Stuttgart,3,1,2024-08-24 13:30:00,Vincenzo Grifo,Throughball
590671,16,BlockedShot,85.30000305175781,74.80000305175781,0.0456118769943714,Merlin Röhl,h,11331,OpenPlay,2024,RightFoot,27762,Freiburg,Bochum,2,1,2024-09-14 13:30:00,Patrick Osterhage,Pass
590673,21,SavedShot,86.0999984741211,62.0,0.0971459150314331,Merlin Röhl,h,11331,OpenPlay,2024,LeftFoot,27762,Freiburg,Bochum,2,1,2024-09-14 13:30:00,Max Rosenfelder,Pass
610658,23,BlockedShot,77.69999694824219,22.29999923706054,0.0236721038818359,Merlin Röhl,h,11331,OpenPlay,2024,RightFoot,27881,Freiburg,Holstein Kiel,3,2,2025-01-11 14:30:00,Maximilian Eggestein,Pass
610666,60,MissedShots,90.5,53.900001525878906,0.0925768613815307,Merlin Röhl,h,11331,OpenPlay,2024,OtherBodyPart,27881,Freiburg,Holstein Kiel,3,2,2025-01-11 14:30:00,Christian Günter,Aerial
610668,61,MissedShots,86.5999984741211,55.79999923706055,0.0246474519371986,Merlin Röhl,h,11331,FromCorner,2024,Head,27881,Freiburg,Holstein Kiel,3,2,2025-01-11 14:30:00,Eren Sami Dinkci,Chipped
612225,52,MissedShots,75.69999694824219,35.9000015258789,0.017512934282422,Merlin Röhl,a,11331,OpenPlay,2024,RightFoot,27896,VfB Stuttgart,Freiburg,4,0,2025-01-18 14:30:00,Patrick Osterhage,BallRecovery
613247,67,BlockedShot,91.0,58.799999237060554,0.0260494127869606,Merlin Röhl,h,11331,OpenPlay,2024,Head,27912,Freiburg,Bayern Munich,1,2,2025-01-25 14:30:00,Lucas Höler,Chipped
614734,22,MissedShots,87.9000015258789,42.9000015258789,0.3626944124698639,Merlin Röhl,a,11331,OpenPlay,2024,RightFoot,27914,Bochum,Freiburg,0,1,2025-02-01 14:30:00,,None
614744,46,MissedShots,89.0999984741211,28.39999961853027,0.0467621721327304,Merlin Röhl,a,11331,OpenPlay,2024,RightFoot,27914,Bochum,Freiburg,0,1,2025-02-01 14:30:00,Lucas Höler,Pass
617055,63,MissedShots,73.80000305175781,63.4000015258789,0.0193980000913143,Merlin Röhl,a,11331,OpenPlay,2024,LeftFoot,27939,St. Pauli,Freiburg,0,1,2025-02-15 14:30:00,Ritsu Doan,Pass
620628,56,SavedShot,79.0999984741211,29.5,0.0241868421435356,Merlin Röhl,a,11331,OpenPlay,2024,RightFoot,27954,Augsburg,Freiburg,0,0,2025-03-02 16:30:00,Vincenzo Grifo,Pass
620629,62,SavedShot,85.5,54.599998474121094,0.3217398226261139,Jan-Niklas Beste,a,11982,OpenPlay,2024,LeftFoot,27954,Augsburg,Freiburg,0,0,2025-03-02 16:30:00,Merlin Röhl,Pass
620634,69,BlockedShot,75.80000305175781,37.59999847412109,0.0635260120034217,Jan-Niklas Beste,a,11982,DirectFreekick,2024,LeftFoot,27954,Augsburg,Freiburg,0,0,2025-03-02 16:30:00,,Standard
627073,62,MissedShots,91.59999847412108,56.99999999999999,0.1062590554356575,Jan-Niklas Beste,a,11982,OpenPlay,2024,LeftFoot,28000,Borussia M.Gladbach,Freiburg,1,2,2025-04-12 13:30:00,Philipp Lienhart,BallTouch
627077,77,SavedShot,77.80000305175781,76.5,0.0177024155855178,Jan-Niklas Beste,a,11982,OpenPlay,2024,LeftFoot,28000,Borussia M.Gladbach,Freiburg,1,2,2025-04-12 13:30:00,Patrick Osterhage,Pass
627084,92,BlockedShot,90.30000305175781,60.90000152587891,0.0601889863610267,Jan-Niklas Beste,a,11982,FromCorner,2024,RightFoot,28000,Borussia M.Gladbach,Freiburg,1,2,2025-04-12 13:30:00,Patrick Osterhage,Pass
604231,87,BlockedShot,88.69999694824219,31.100000381469727,0.0906410589814186,Max Rosenfelder,h,12626,OpenPlay,2024,LeftFoot,27845,Freiburg,Borussia M.Gladbach,3,1,2024-11-30 14:30:00,Matthias Ginter,Chipped
610662,36,MissedShots,89.0999984741211,52.400001525878906,0.0170749109238386,Max Rosenfelder,h,12626,FromCorner,2024,Head,27881,Freiburg,Holstein Kiel,3,2,2025-01-11 14:30:00,Christian Günter,Aerial
610670,67,BlockedShot,85.80000305175781,62.0999984741211,0.0705254152417182,Max Rosenfelder,h,12626,OpenPlay,2024,RightFoot,27881,Freiburg,Holstein Kiel,3,2,2025-01-11 14:30:00,,None
